date,ticker,return,allowed,computed_at
2016-11-22,SHB,0.1887,"[-0.103, 0.103]",2026-10-01T16:39:12.651512
2017-05-03,MBB,0.1053,"[-0.073, 0.073]",2026-10-01T16:39:12.651512
2017-08-30,VIC,0.0813,"[-0.073, 0.073]",2026-10-01T16:39:12.651512
2017-10-20,SHB,0.3821,"[-0.103, 0.103]",2026-10-01T16:39:12.651512
2018-01-25,BID,0.1301,"[-0.073, 0.073]",2026-10-01T16:39:12.651512
2018-01-25,GAS,0.1444,"[-0.073, 0.073]",2026-10-01T16:39:12.651512
2018-01-25,MSN,0.1109,"[-0.073, 0.073]",2026-10-01T16:39:12.651512
2018-01-25,SSI,0.0892,"[-0.073, 0.073]",2026-10-01T16:39:12.651512
2018-01-25,VCB,0.1098,"[-0.073, 0.073]",2026-10-01T16:39:12.651512
2018-01-25,VJC,0.138,"[-0.073, 0.073]",2026-10-01T16:39:12.651512
2018-01-25,VPB,0.0871,"[-0.073, 0.073]",2026-10-01T16:39:12.651512
2018-01-25,VRE,-0.082,"[-0.073, 0.073]",2026-10-01T16:39:12.651512
2018-07-03,SHB,-0.1098,"[-0.103, 0.103]",2026-10-01T16:39:12.651512
2019-02-21,VRE,0.0759,"[-0.073, 0.073]",2026-10-01T16:39:12.651512
2019-07-17,VCB,0.0948,"[-0.073, 0.073]",2026-10-01T16:39:12.651512
2019-07-17,VRE,0.0787,"[-0.073, 0.073]",2026-10-01T16:39:12.651512
2020-02-06,SHB,0.1922,"[-0.103, 0.103]",2026-10-01T16:39:12.651512
2020-03-02,SHB,0.3125,"[-0.103, 0.103]",2026-10-01T16:39:12.651512
2020-04-07,SHB,0.1203,"[-0.103, 0.103]",2026-10-01T16:39:12.651512
2020-05-04,SAB,-0.0882,"[-0.073, 0.073]",2026-10-01T16:39:12.651512
2020-05-19,HPG,0.1211,"[-0.073, 0.073]",2026-10-01T16:39:12.651512
2020-05-19,VPB,0.0994,"[-0.073, 0.073]",2026-10-01T16:39:12.651512
2020-06-10,STB,0.0849,"[-0.073, 0.073]",2026-10-01T16:39:12.651512
2020-11-19,VIB,0.2368,"[-0.073, 0.073]",2026-10-01T16:39:12.651512
2021-02-17,BVH,0.0784,"[-0.073, 0.073]",2026-10-01T16:39:12.651512
2021-02-17,CTG,0.0808,"[-0.073, 0.073]",2026-10-01T16:39:12.651512
2021-02-17,FPT,0.0926,"[-0.073, 0.073]",2026-10-01T16:39:12.651512
2021-02-17,GAS,0.1,"[-0.073, 0.073]",2026-10-01T16:39:12.651512
2021-02-17,GVR,0.0731,"[-0.073, 0.073]",2026-10-01T16:39:12.651512
2021-02-17,HDB,0.0832,"[-0.073, 0.073]",2026-10-01T16:39:12.651512
2021-02-17,MBB,0.0795,"[-0.073, 0.073]",2026-10-01T16:39:12.651512
2021-02-17,MSN,0.0748,"[-0.073, 0.073]",2026-10-01T16:39:12.651512
2021-02-17,MWG,0.0739,"[-0.073, 0.073]",2026-10-01T16:39:12.651512
2021-02-17,SSI,0.0964,"[-0.073, 0.073]",2026-10-01T16:39:12.651512
2021-02-17,STB,0.0776,"[-0.073, 0.073]",2026-10-01T16:39:12.651512
2021-02-17,TCB,0.0971,"[-0.073, 0.073]",2026-10-01T16:39:12.651512
2021-06-09,SSB,-0.0759,"[-0.073, 0.073]",2026-10-01T16:39:12.651512
2021-07-09,BVH,-0.1015,"[-0.073, 0.073]",2026-10-01T16:39:12.651512
2021-07-09,CTG,-0.0791,"[-0.073, 0.073]",2026-10-01T16:39:12.651512
2021-07-09,GVR,-0.1271,"[-0.073, 0.073]",2026-10-01T16:39:12.651512
2021-07-09,HPG,-0.0956,"[-0.073, 0.073]",2026-10-01T16:39:12.651512
2021-07-09,MWG,0.1256,"[-0.073, 0.073]",2026-10-01T16:39:12.651512
2021-07-09,PLX,-0.083,"[-0.073, 0.073]",2026-10-01T16:39:12.651512
2021-07-09,POW,-0.1,"[-0.073, 0.073]",2026-10-01T16:39:12.651512
2021-07-09,SSI,-0.0915,"[-0.073, 0.073]",2026-10-01T16:39:12.651512
2021-07-09,STB,-0.0762,"[-0.073, 0.073]",2026-10-01T16:39:12.651512
2021-07-09,VIC,-0.0757,"[-0.073, 0.073]",2026-10-01T16:39:12.651512
2021-07-09,VRE,-0.1167,"[-0.073, 0.073]",2026-10-01T16:39:12.651512
2021-07-13,CTG,-0.0798,"[-0.073, 0.073]",2026-10-01T16:39:12.651512
2021-07-13,VIB,-0.0897,"[-0.073, 0.073]",2026-10-01T16:39:12.651512
2021-07-15,BCM,-0.1348,"[-0.073, 0.073]",2026-10-01T16:39:12.651512
2021-07-19,BCM,-0.1006,"[-0.073, 0.073]",2026-10-01T16:39:12.651512
2021-07-19,CTG,-0.0786,"[-0.073, 0.073]",2026-10-01T16:39:12.651512
2021-07-19,MBB,-0.0734,"[-0.073, 0.073]",2026-10-01T16:39:12.651512
2021-07-19,SSB,-0.0819,"[-0.073, 0.073]",2026-10-01T16:39:12.651512
2021-07-19,SSI,-0.0819,"[-0.073, 0.073]",2026-10-01T16:39:12.651512
2021-07-19,TCB,-0.0787,"[-0.073, 0.073]",2026-10-01T16:39:12.651512
2021-08-24,VIB,-0.0736,"[-0.073, 0.073]",2026-10-01T16:39:12.651512
2021-09-09,MWG,0.078,"[-0.073, 0.073]",2026-10-01T16:39:12.651512
2021-09-09,SSI,0.1015,"[-0.073, 0.073]",2026-10-01T16:39:12.651512
2021-09-23,MWG,0.0732,"[-0.073, 0.073]",2026-10-01T16:39:12.651512
2021-10-07,VPB,0.0883,"[-0.073, 0.073]",2026-10-01T16:39:12.651512
2021-10-28,BCM,0.1549,"[-0.073, 0.073]",2026-10-01T16:39:12.651512
2021-10-28,BVH,0.0879,"[-0.073, 0.073]",2026-10-01T16:39:12.651512
2021-10-28,GAS,0.1151,"[-0.073, 0.073]",2026-10-01T16:39:12.651512
2021-10-28,MSN,0.0828,"[-0.073, 0.073]",2026-10-01T16:39:12.651512
2022-05-24,VIB,0.0805,"[-0.073, 0.073]",2026-10-01T16:39:12.651512
2022-06-22,SSI,0.0926,"[-0.073, 0.073]",2026-10-01T16:39:12.651512
2022-07-13,GVR,0.0764,"[-0.073, 0.073]",2026-10-01T16:39:12.651512
2023-05-29,HDB,0.1782,"[-0.073, 0.073]",2026-10-01T16:39:12.651512
2024-06-04,POW,0.1111,"[-0.073, 0.073]",2026-10-01T16:39:12.651512
2024-06-04,STB,0.0754,"[-0.073, 0.073]",2026-10-01T16:39:12.651512
2025-05-14,TPB,-0.078,"[-0.073, 0.073]",2026-10-01T16:39:12.651512
2025-05-15,VPB,0.0988,"[-0.073, 0.073]",2026-10-01T16:39:12.651512
2025-05-23,ACB,0.1993,"[-0.073, 0.073]",2026-10-01T16:39:12.651512
2025-05-26,ACB,-0.1585,"[-0.073, 0.073]",2026-10-01T16:39:12.651512
2025-05-26,GVR,0.0745,"[-0.073, 0.073]",2026-10-01T16:39:12.651512
2025-05-26,VHM,0.0793,"[-0.073, 0.073]",2026-10-01T16:39:12.651512
2025-06-09,VHM,-0.0794,"[-0.073, 0.073]",2026-10-01T16:39:12.651512
2025-06-09,VIC,-0.0786,"[-0.073, 0.073]",2026-10-01T16:39:12.651512
2025-06-16,GAS,0.0971,"[-0.073, 0.073]",2026-10-01T16:39:12.651512
2025-06-16,PLX,0.1433,"[-0.073, 0.073]",2026-10-01T16:39:12.651512
2025-07-14,VIC,0.1122,"[-0.073, 0.073]",2026-10-01T16:39:12.651512
2025-07-17,VIB,0.1371,"[-0.073, 0.073]",2026-10-01T16:39:12.651512
2025-07-18,VIB,-0.1166,"[-0.073, 0.073]",2026-10-01T16:39:12.651512
2025-07-21,VIC,-0.082,"[-0.073, 0.073]",2026-10-01T16:39:12.651512
2025-07-28,SSI,0.1188,"[-0.073, 0.073]",2026-10-01T16:39:12.651512
2025-07-28,VJC,0.114,"[-0.073, 0.073]",2026-10-01T16:39:12.651512
2025-08-04,SHB,0.0814,"[-0.073, 0.073]",2026-10-01T16:39:12.651512
2025-08-11,MSN,0.0761,"[-0.073, 0.073]",2026-10-01T16:39:12.651512
2025-08-25,ACB,-0.1104,"[-0.073, 0.073]",2026-10-01T16:39:12.651512
2025-08-25,GVR,-0.1041,"[-0.073, 0.073]",2026-10-01T16:39:12.651512
2025-08-25,SHB,-0.1189,"[-0.073, 0.073]",2026-10-01T16:39:12.651512
2025-08-25,SSB,-0.1017,"[-0.073, 0.073]",2026-10-01T16:39:12.651512
2025-08-25,STB,-0.083,"[-0.073, 0.073]",2026-10-01T16:39:12.651512
2025-08-25,TCB,-0.0963,"[-0.073, 0.073]",2026-10-01T16:39:12.651512
2025-08-25,TPB,-0.0884,"[-0.073, 0.073]",2026-10-01T16:39:12.651512
2025-08-25,VPB,-0.1332,"[-0.073, 0.073]",2026-10-01T16:39:12.651512
2025-09-08,POW,-0.0925,"[-0.073, 0.073]",2026-10-01T16:39:12.651512
2025-09-08,SHB,-0.0849,"[-0.073, 0.073]",2026-10-01T16:39:12.651512
2025-09-08,SSB,-0.0785,"[-0.073, 0.073]",2026-10-01T16:39:12.651512
2025-09-08,TPB,-0.1,"[-0.073, 0.073]",2026-10-01T16:39:12.651512
2025-09-08,VIB,-0.085,"[-0.073, 0.073]",2026-10-01T16:39:12.651512
2025-09-08,VPB,-0.106,"[-0.073, 0.073]",2026-10-01T16:39:12.651512
2025-09-16,MSN,0.0793,"[-0.073, 0.073]",2026-10-01T16:39:12.651512
2025-09-29,VIC,0.0937,"[-0.073, 0.073]",2026-10-01T16:39:12.651512
2025-10-06,VRE,0.1024,"[-0.073, 0.073]",2026-10-01T16:39:12.651512
2025-10-13,VHM,0.08,"[-0.073, 0.073]",2026-10-01T16:39:12.651512
2025-10-13,VIC,0.1443,"[-0.073, 0.073]",2026-10-01T16:39:12.651512
2025-10-13,VRE,0.1316,"[-0.073, 0.073]",2026-10-01T16:39:12.651512
2025-10-20,BID,-0.0818,"[-0.073, 0.073]",2026-10-01T16:39:12.651512
2025-10-20,BVH,-0.0837,"[-0.073, 0.073]",2026-10-01T16:39:12.651512
2025-10-20,CTG,-0.0911,"[-0.073, 0.073]",2026-10-01T16:39:12.651512
2025-10-20,HDB,-0.0943,"[-0.073, 0.073]",2026-10-01T16:39:12.651512
2025-10-20,HPG,-0.0779,"[-0.073, 0.073]",2026-10-01T16:39:12.651512
2025-10-20,POW,-0.0801,"[-0.073, 0.073]",2026-10-01T16:39:12.651512
2025-10-20,SSB,-0.0842,"[-0.073, 0.073]",2026-10-01T16:39:12.651512
2025-10-20,SSI,-0.0822,"[-0.073, 0.073]",2026-10-01T16:39:12.651512
2025-10-20,STB,-0.0773,"[-0.073, 0.073]",2026-10-01T16:39:12.651512
2025-10-20,TCB,-0.0824,"[-0.073, 0.073]",2026-10-01T16:39:12.651512
2025-10-20,TPB,-0.0911,"[-0.073, 0.073]",2026-10-01T16:39:12.651512
2025-10-20,VHM,-0.1148,"[-0.073, 0.073]",2026-10-01T16:39:12.651512
2025-10-20,VIB,-0.0825,"[-0.073, 0.073]",2026-10-01T16:39:12.651512
2025-10-20,VIC,-0.0854,"[-0.073, 0.073]",2026-10-01T16:39:12.651512
2025-10-20,VNM,-0.1013,"[-0.073, 0.073]",2026-10-01T16:39:12.651512
2025-10-20,VPB,-0.1039,"[-0.073, 0.073]",2026-10-01T16:39:12.651512
2025-10-20,VRE,-0.121,"[-0.073, 0.073]",2026-10-01T16:39:12.651512
2025-10-27,VHM,-0.0739,"[-0.073, 0.073]",2026-10-01T16:39:12.651512
2025-10-27,VRE,-0.0838,"[-0.073, 0.073]",2026-10-01T16:39:12.651512
2025-11-03,BVH,0.0731,"[-0.073, 0.073]",2026-10-01T16:39:12.651512
2025-11-03,HDB,-0.0853,"[-0.073, 0.073]",2026-10-01T16:39:12.651512
2025-11-03,STB,-0.0808,"[-0.073, 0.073]",2026-10-01T16:39:12.651512
2025-11-03,VRE,-0.0939,"[-0.073, 0.073]",2026-10-01T16:39:12.651512
2025-12-18,HDB,0.2969,"[-0.073, 0.073]",2026-10-01T16:39:12.651512
2025-12-19,HDB,-0.1916,"[-0.073, 0.073]",2026-10-01T16:39:12.651512
2025-12-19,VJC,0.08,"[-0.073, 0.073]",2026-10-01T16:39:12.651512
2025-12-26,VHM,-0.1042,"[-0.073, 0.073]",2026-10-01T16:39:12.651512
2025-12-26,VIC,-0.0872,"[-0.073, 0.073]",2026-10-01T16:39:12.651512
2025-12-26,VRE,-0.0765,"[-0.073, 0.073]",2026-10-01T16:39:12.651512
2026-03-04,BCM,-0.0754,"[-0.073, 0.073]",2026-10-01T16:39:12.651512
2026-03-04,GAS,0.1153,"[-0.073, 0.073]",2026-10-01T16:39:12.651512
2026-03-04,PLX,0.1246,"[-0.073, 0.073]",2026-10-01T16:39:12.651512
