ticker,ex_date,type,ratio,cash_per_share,source,source_status,note,fetched_at
ACB,2021-06-10,stock_split,1.25,,yahoo,TU_DONG,,2026-10-07T16:48:13.729261
ACB,2022-06-02,stock_split,1.25,,yahoo,TU_DONG,,2026-10-07T16:48:13.729261
ACB,2023-06-01,cash_dividend,,669.1537,yahoo,TU_DONG,,2026-10-07T16:48:13.729261
ACB,2023-06-01,stock_split,1.15,,yahoo,TU_DONG,,2026-10-07T16:48:13.729261
ACB,2024-05-31,cash_dividend,,769.52673,yahoo,TU_DONG,,2026-10-07T16:48:13.729261
ACB,2024-05-31,stock_split,1.15,,yahoo,TU_DONG,,2026-10-07T16:48:13.729261
ACB,2025-05-23,cash_dividend,,884.95575,yahoo,TU_DONG,,2026-10-07T16:48:13.729261
ACB,2025-05-23,stock_split,1.15,,yahoo,TU_DONG,,2026-10-07T16:48:13.729261
ACB,2026-06-15,cash_dividend,,700.0,yahoo,TU_DONG,,2026-10-07T16:48:13.729261
ACB,2026-06-15,stock_split,1.13,,yahoo,TU_DONG,,2026-10-07T16:48:13.729261
BCM,2021-07-22,cash_dividend,,400.0,yahoo,TU_DONG,,2026-10-07T16:48:13.729261
BCM,2021-12-10,cash_dividend,,400.0,yahoo,TU_DONG,,2026-10-07T16:48:13.729261
BCM,2022-10-07,cash_dividend,,700.0,yahoo,TU_DONG,,2026-10-07T16:48:13.729261
BCM,2023-11-28,cash_dividend,,800.0,yahoo,TU_DONG,,2026-10-07T16:48:13.729261
BCM,2024-11-04,cash_dividend,,1000.0,yahoo,TU_DONG,,2026-10-07T16:48:13.729261
BCM,2026-02-12,cash_dividend,,1100.0,yahoo,TU_DONG,,2026-10-07T16:48:13.729261
BID,2014-08-08,cash_dividend,,443.14178,yahoo,TU_DONG,,2026-10-07T16:48:13.729261
BID,2015-05-08,cash_dividend,,531.77014,yahoo,TU_DONG,,2026-10-07T16:48:13.729261
BID,2016-11-03,cash_dividend,,463.895,yahoo,TU_DONG,,2026-10-07T16:48:13.729261
BID,2017-08-09,cash_dividend,,382.03116,yahoo,TU_DONG,,2026-10-07T16:48:13.729261
BID,2019-11-07,cash_dividend,,382.03116,yahoo,TU_DONG,,2026-10-07T16:48:13.729261
BID,2020-12-31,cash_dividend,,436.60706,yahoo,TU_DONG,,2026-10-07T16:48:13.729261
BID,2021-12-23,cash_dividend,,137.28148,yahoo,TU_DONG,,2026-10-07T16:48:13.729261
BID,2021-12-23,stock_split,1.257712,,yahoo,TU_DONG,,2026-10-07T16:48:13.729261
BID,2023-11-28,stock_split,1.1269,,yahoo,TU_DONG,,2026-10-07T16:48:13.729261
BID,2024-12-23,stock_split,1.21,,yahoo,TU_DONG,,2026-10-07T16:48:13.729261
BID,2025-10-14,cash_dividend,,421.17755,yahoo,TU_DONG,,2026-10-07T16:48:13.729261
BID,2026-07-17,cash_dividend,,421.17755,yahoo,TU_DONG,,2026-10-07T16:48:13.729261
BID,2026-08-17,stock_split,1.068433,,yahoo,TU_DONG,,2026-10-07T16:48:13.729261
BVH,2011-06-03,cash_dividend,,1200.0,yahoo,TU_DONG,,2026-10-07T16:48:13.729261
BVH,2012-05-28,cash_dividend,,1200.0,yahoo,TU_DONG,,2026-10-07T16:48:13.729261
BVH,2013-06-13,cash_dividend,,1500.0,yahoo,TU_DONG,,2026-10-07T16:48:13.729261
BVH,2014-05-28,cash_dividend,,2800.0,yahoo,TU_DONG,,2026-10-07T16:48:13.729261
BVH,2015-05-21,cash_dividend,,1000.0,yahoo,TU_DONG,,2026-10-07T16:48:13.729261
BVH,2016-06-28,cash_dividend,,800.0,yahoo,TU_DONG,,2026-10-07T16:48:13.729261
BVH,2017-08-02,cash_dividend,,1000.0,yahoo,TU_DONG,,2026-10-07T16:48:13.729261
BVH,2018-08-02,cash_dividend,,1000.0,yahoo,TU_DONG,,2026-10-07T16:48:13.729261
BVH,2019-11-15,cash_dividend,,1000.0,yahoo,TU_DONG,,2026-10-07T16:48:13.729261
BVH,2020-10-20,cash_dividend,,800.0,yahoo,TU_DONG,,2026-10-07T16:48:13.729261
BVH,2021-11-08,cash_dividend,,898.5,yahoo,TU_DONG,,2026-10-07T16:48:13.729261
BVH,2022-11-25,cash_dividend,,3026.0,yahoo,TU_DONG,,2026-10-07T16:48:13.729261
BVH,2023-11-27,cash_dividend,,954.0,yahoo,TU_DONG,,2026-10-07T16:48:13.729261
BVH,2024-11-19,cash_dividend,,1003.7,yahoo,TU_DONG,,2026-10-07T16:48:13.729261
BVH,2025-11-14,cash_dividend,,1055.1,yahoo,TU_DONG,,2026-10-07T16:48:13.729261
CTG,2011-01-14,cash_dividend,,502.8148,yahoo,TU_DONG,,2026-10-07T16:48:13.729261
CTG,2012-03-30,stock_split,1.0959999999999999,,yahoo,TU_DONG,,2026-10-07T16:48:13.729261
CTG,2013-09-06,cash_dividend,,721.12524,yahoo,TU_DONG,,2026-10-07T16:48:13.729261
CTG,2014-05-21,cash_dividend,,479.38422,yahoo,TU_DONG,,2026-10-07T16:48:13.729261
CTG,2015-06-23,cash_dividend,,479.38422,yahoo,TU_DONG,,2026-10-07T16:48:13.729261
CTG,2017-01-16,cash_dividend,,335.56894,yahoo,TU_DONG,,2026-10-07T16:48:13.729261
CTG,2017-09-27,cash_dividend,,335.56894,yahoo,TU_DONG,,2026-10-07T16:48:13.729261
CTG,2020-12-17,cash_dividend,,239.69211,yahoo,TU_DONG,,2026-10-07T16:48:13.729261
CTG,2021-07-07,stock_split,1.2906950000000001,,yahoo,TU_DONG,,2026-10-07T16:48:13.729261
CTG,2021-12-14,cash_dividend,,494.99103,yahoo,TU_DONG,,2026-10-07T16:48:13.729261
CTG,2023-11-30,stock_split,1.117415,,yahoo,TU_DONG,,2026-10-07T16:48:13.729261
CTG,2025-10-14,cash_dividend,,311.1246,yahoo,TU_DONG,,2026-10-07T16:48:13.729261
CTG,2025-12-17,stock_split,1.4463658000000001,,yahoo,TU_DONG,,2026-10-07T16:48:13.729261
CTG,2026-07-23,cash_dividend,,450.0,yahoo,TU_DONG,,2026-10-07T16:48:13.729261
FPT,2012-05-15,cash_dividend,,125.29472,yahoo,TU_DONG,,2026-10-07T16:48:13.729261
FPT,2012-05-15,stock_split,1.25,,yahoo,TU_DONG,,2026-10-07T16:48:13.729261
FPT,2012-08-27,cash_dividend,,156.61841,yahoo,TU_DONG,,2026-10-07T16:48:13.729261
FPT,2012-12-05,cash_dividend,,156.61841,yahoo,TU_DONG,,2026-10-07T16:48:13.729261
FPT,2013-08-15,cash_dividend,,234.92761,yahoo,TU_DONG,,2026-10-07T16:48:13.729261
FPT,2014-05-07,cash_dividend,,234.92761,yahoo,TU_DONG,,2026-10-07T16:48:13.729261
FPT,2014-05-07,stock_split,1.25,,yahoo,TU_DONG,,2026-10-07T16:48:13.729261
FPT,2015-05-28,cash_dividend,,195.77303,yahoo,TU_DONG,,2026-10-07T16:48:13.729261
FPT,2015-05-28,stock_split,1.15,,yahoo,TU_DONG,,2026-10-07T16:48:13.729261
FPT,2015-08-19,cash_dividend,,225.13896,yahoo,TU_DONG,,2026-10-07T16:48:13.729261
FPT,2016-05-27,cash_dividend,,225.13896,yahoo,TU_DONG,,2026-10-07T16:48:13.729261
FPT,2016-05-27,stock_split,1.15,,yahoo,TU_DONG,,2026-10-07T16:48:13.729261
FPT,2016-08-22,cash_dividend,,258.90982,yahoo,TU_DONG,,2026-10-07T16:48:13.729261
FPT,2017-05-25,cash_dividend,,258.90982,yahoo,TU_DONG,,2026-10-07T16:48:13.729261
FPT,2017-05-25,stock_split,1.15,,yahoo,TU_DONG,,2026-10-07T16:48:13.729261
FPT,2017-08-17,cash_dividend,,297.74628,yahoo,TU_DONG,,2026-10-07T16:48:13.729261
FPT,2018-05-25,cash_dividend,,446.61942,yahoo,TU_DONG,,2026-10-07T16:48:13.729261
FPT,2018-05-25,stock_split,1.15,,yahoo,TU_DONG,,2026-10-07T16:48:13.729261
FPT,2018-08-16,cash_dividend,,342.40823,yahoo,TU_DONG,,2026-10-07T16:48:13.729261
FPT,2019-05-17,cash_dividend,,376.64905,yahoo,TU_DONG,,2026-10-07T16:48:13.729261
FPT,2019-05-17,stock_split,1.1,,yahoo,TU_DONG,,2026-10-07T16:48:13.729261
FPT,2019-08-15,cash_dividend,,376.64905,yahoo,TU_DONG,,2026-10-07T16:48:13.729261
FPT,2020-05-13,cash_dividend,,376.64905,yahoo,TU_DONG,,2026-10-07T16:48:13.729261
FPT,2020-05-13,stock_split,1.15,,yahoo,TU_DONG,,2026-10-07T16:48:13.729261
FPT,2020-08-17,cash_dividend,,433.1464,yahoo,TU_DONG,,2026-10-07T16:48:13.729261
FPT,2021-06-01,cash_dividend,,433.1464,yahoo,TU_DONG,,2026-10-07T16:48:13.729261
FPT,2021-06-01,stock_split,1.15,,yahoo,TU_DONG,,2026-10-07T16:48:13.729261
FPT,2021-08-16,cash_dividend,,498.11835,yahoo,TU_DONG,,2026-10-07T16:48:13.729261
FPT,2022-06-13,cash_dividend,,597.742,yahoo,TU_DONG,,2026-10-07T16:48:13.729261
FPT,2022-06-13,stock_split,1.2,,yahoo,TU_DONG,,2026-10-07T16:48:13.729261
FPT,2022-08-24,cash_dividend,,597.742,yahoo,TU_DONG,,2026-10-07T16:48:13.729261
FPT,2023-07-05,cash_dividend,,687.4033,yahoo,TU_DONG,,2026-10-07T16:48:13.729261
FPT,2023-07-05,stock_split,1.15,,yahoo,TU_DONG,,2026-10-07T16:48:13.729261
FPT,2023-08-24,cash_dividend,,687.4033,yahoo,TU_DONG,,2026-10-07T16:48:13.729261
FPT,2024-06-12,cash_dividend,,790.51385,yahoo,TU_DONG,,2026-10-07T16:48:13.729261
FPT,2024-06-12,stock_split,1.15,,yahoo,TU_DONG,,2026-10-07T16:48:13.729261
FPT,2024-12-02,cash_dividend,,790.51385,yahoo,TU_DONG,,2026-10-07T16:48:13.729261
FPT,2025-06-12,cash_dividend,,790.51385,yahoo,TU_DONG,,2026-10-07T16:48:13.729261
FPT,2025-07-21,stock_split,1.15,,yahoo,TU_DONG,,2026-10-07T16:48:13.729261
FPT,2025-12-01,cash_dividend,,909.0909,yahoo,TU_DONG,,2026-10-07T16:48:13.729261
FPT,2026-05-28,cash_dividend,,909.0909,yahoo,TU_DONG,,2026-10-07T16:48:13.729261
FPT,2026-09-21,stock_split,1.1,,yahoo,TU_DONG,,2026-10-07T16:48:13.729261
GAS,2012-08-31,cash_dividend,,793.1975,yahoo,TU_DONG,,2026-10-07T16:48:13.729261
GAS,2012-12-04,cash_dividend,,793.1975,yahoo,TU_DONG,,2026-10-07T16:48:13.729261
GAS,2013-05-15,cash_dividend,,793.1975,yahoo,TU_DONG,,2026-10-07T16:48:13.729261
GAS,2013-08-13,cash_dividend,,793.1975,yahoo,TU_DONG,,2026-10-07T16:48:13.729261
GAS,2013-10-21,cash_dividend,,793.1975,yahoo,TU_DONG,,2026-10-07T16:48:13.729261
GAS,2014-05-12,cash_dividend,,1745.0345,yahoo,TU_DONG,,2026-10-07T16:48:13.729261
GAS,2014-09-22,cash_dividend,,1189.7963,yahoo,TU_DONG,,2026-10-07T16:48:13.729261
GAS,2014-12-15,cash_dividend,,1427.7556,yahoo,TU_DONG,,2026-10-07T16:48:13.729261
GAS,2015-05-27,cash_dividend,,555.2383,yahoo,TU_DONG,,2026-10-07T16:48:13.729261
GAS,2015-10-01,cash_dividend,,793.1975,yahoo,TU_DONG,,2026-10-07T16:48:13.729261
GAS,2016-03-17,cash_dividend,,1586.395,yahoo,TU_DONG,,2026-10-07T16:48:13.729261
GAS,2016-09-30,cash_dividend,,396.59875,yahoo,TU_DONG,,2026-10-07T16:48:13.729261
GAS,2016-12-22,cash_dividend,,1824.3544,yahoo,TU_DONG,,2026-10-07T16:48:13.729261
GAS,2017-04-10,cash_dividend,,555.2383,yahoo,TU_DONG,,2026-10-07T16:48:13.729261
GAS,2017-06-28,cash_dividend,,793.1975,yahoo,TU_DONG,,2026-10-07T16:48:13.729261
GAS,2017-09-15,cash_dividend,,793.1975,yahoo,TU_DONG,,2026-10-07T16:48:13.729261
GAS,2017-11-20,cash_dividend,,793.1975,yahoo,TU_DONG,,2026-10-07T16:48:13.729261
GAS,2018-06-28,cash_dividend,,1586.395,yahoo,TU_DONG,,2026-10-07T16:48:13.729261
GAS,2018-08-27,cash_dividend,,1586.395,yahoo,TU_DONG,,2026-10-07T16:48:13.729261
GAS,2019-03-15,cash_dividend,,1586.395,yahoo,TU_DONG,,2026-10-07T16:48:13.729261
GAS,2019-08-29,cash_dividend,,1824.3544,yahoo,TU_DONG,,2026-10-07T16:48:13.729261
GAS,2020-07-14,cash_dividend,,2776.1914,yahoo,TU_DONG,,2026-10-07T16:48:13.729261
GAS,2021-06-28,cash_dividend,,2379.5925,yahoo,TU_DONG,,2026-10-07T16:48:13.729261
GAS,2022-07-04,cash_dividend,,2379.5925,yahoo,TU_DONG,,2026-10-07T16:48:13.729261
GAS,2023-08-29,cash_dividend,,2855.5112,yahoo,TU_DONG,,2026-10-07T16:48:13.729261
GAS,2023-09-22,stock_split,1.2,,yahoo,TU_DONG,,2026-10-07T16:48:13.729261
GAS,2024-09-13,cash_dividend,,5825.2427,yahoo,TU_DONG,,2026-10-07T16:48:13.729261
GAS,2024-09-13,stock_split,1.02,,yahoo,TU_DONG,,2026-10-07T16:48:13.729261
GAS,2025-08-28,cash_dividend,,2100.0,yahoo,TU_DONG,,2026-10-07T16:48:13.729261
GAS,2025-08-28,stock_split,1.03,,yahoo,TU_DONG,,2026-10-07T16:48:13.729261
GAS,2026-09-22,cash_dividend,,2500.0,yahoo,TU_DONG,,2026-10-07T16:48:13.729261
GVR,2020-09-22,cash_dividend,,600.0,yahoo,TU_DONG,,2026-10-07T16:48:13.729261
GVR,2021-10-13,cash_dividend,,600.0,yahoo,TU_DONG,,2026-10-07T16:48:13.729261
GVR,2022-10-12,cash_dividend,,410.0,yahoo,TU_DONG,,2026-10-07T16:48:13.729261
GVR,2023-11-16,cash_dividend,,350.0,yahoo,TU_DONG,,2026-10-07T16:48:13.729261
GVR,2024-11-14,cash_dividend,,300.0,yahoo,TU_DONG,,2026-10-07T16:48:13.729261
GVR,2025-11-13,cash_dividend,,400.0,yahoo,TU_DONG,,2026-10-07T16:48:13.729261
HDB,2018-06-20,cash_dividend,,240.8261,yahoo,TU_DONG,,2026-10-07T16:48:13.729261
HDB,2020-10-01,stock_split,1.3225,,yahoo,TU_DONG,,2026-10-07T16:48:13.729261
HDB,2020-11-27,stock_split,1.269231,,yahoo,TU_DONG,,2026-10-07T16:48:13.729261
HDB,2021-08-26,stock_split,1.25,,yahoo,TU_DONG,,2026-10-07T16:48:13.729261
HDB,2022-09-27,stock_split,1.25,,yahoo,TU_DONG,,2026-10-07T16:48:13.729261
HDB,2023-05-29,cash_dividend,,558.746,yahoo,TU_DONG,,2026-10-07T16:48:13.729261
HDB,2023-05-29,stock_split,1.15,,yahoo,TU_DONG,,2026-10-07T16:48:13.729261
HDB,2023-07-19,stock_split,1.15,,yahoo,TU_DONG,,2026-10-07T16:48:13.729261
HDB,2024-07-12,cash_dividend,,642.5579,yahoo,TU_DONG,,2026-10-07T16:48:13.729261
HDB,2024-12-11,stock_split,1.2,,yahoo,TU_DONG,,2026-10-07T16:48:13.729261
HDB,2025-12-18,stock_split,1.2969,,yahoo,TU_DONG,,2026-10-07T16:48:13.729261
HPG,2010-12-01,cash_dividend,,85.65576,yahoo,TU_DONG,,2026-10-07T16:48:13.729261
HPG,2012-01-30,stock_split,1.1,,yahoo,TU_DONG,,2026-10-07T16:48:13.729261
HPG,2012-10-25,cash_dividend,,56.532803,yahoo,TU_DONG,,2026-10-07T16:48:13.729261
HPG,2012-10-25,stock_split,1.2,,yahoo,TU_DONG,,2026-10-07T16:48:13.729261
HPG,2013-09-03,cash_dividend,,56.532803,yahoo,TU_DONG,,2026-10-07T16:48:13.729261
HPG,2014-04-24,cash_dividend,,84.799194,yahoo,TU_DONG,,2026-10-07T16:48:13.729261
HPG,2014-04-24,stock_split,1.15,,yahoo,TU_DONG,,2026-10-07T16:48:13.729261
HPG,2015-05-08,cash_dividend,,81.2659,yahoo,TU_DONG,,2026-10-07T16:48:13.729261
HPG,2015-05-08,stock_split,1.5,,yahoo,TU_DONG,,2026-10-07T16:48:13.729261
HPG,2016-08-25,cash_dividend,,146.27864,yahoo,TU_DONG,,2026-10-07T16:48:13.729261
HPG,2016-08-25,stock_split,1.15,,yahoo,TU_DONG,,2026-10-07T16:48:13.729261
HPG,2017-03-30,stock_split,1.5,,yahoo,TU_DONG,,2026-10-07T16:48:13.729261
HPG,2018-06-12,stock_split,1.4,,yahoo,TU_DONG,,2026-10-07T16:48:13.729261
HPG,2019-06-04,stock_split,1.3,,yahoo,TU_DONG,,2026-10-07T16:48:13.729261
HPG,2020-07-29,cash_dividend,,163.51027,yahoo,TU_DONG,,2026-10-07T16:48:13.729261
HPG,2020-07-29,stock_split,1.2,,yahoo,TU_DONG,,2026-10-07T16:48:13.729261
HPG,2021-05-31,cash_dividend,,264.88663,yahoo,TU_DONG,,2026-10-07T16:48:13.729261
HPG,2021-05-31,stock_split,1.35,,yahoo,TU_DONG,,2026-10-07T16:48:13.729261
HPG,2022-06-17,cash_dividend,,344.35263,yahoo,TU_DONG,,2026-10-07T16:48:13.729261
HPG,2022-06-17,stock_split,1.3,,yahoo,TU_DONG,,2026-10-07T16:48:13.729261
HPG,2024-05-23,stock_split,1.1,,yahoo,TU_DONG,,2026-10-07T16:48:13.729261
HPG,2025-06-26,stock_split,1.2,,yahoo,TU_DONG,,2026-10-07T16:48:13.729261
HPG,2026-05-11,cash_dividend,,454.54544,yahoo,TU_DONG,,2026-10-07T16:48:13.729261
HPG,2026-05-25,stock_split,1.1,,yahoo,TU_DONG,,2026-10-07T16:48:13.729261
MBB,2012-02-28,cash_dividend,,52.06163,yahoo,TU_DONG,,2026-10-07T16:48:13.729261
MBB,2012-05-17,cash_dividend,,34.707752,yahoo,TU_DONG,,2026-10-07T16:48:13.729261
MBB,2012-11-13,cash_dividend,,173.53877,yahoo,TU_DONG,,2026-10-07T16:48:13.729261
MBB,2013-05-14,cash_dividend,,35.01943,yahoo,TU_DONG,,2026-10-07T16:48:13.729261
MBB,2013-10-16,cash_dividend,,140.07771,yahoo,TU_DONG,,2026-10-07T16:48:13.729261
MBB,2014-09-10,stock_split,1.03,,yahoo,TU_DONG,,2026-10-07T16:48:13.729261
MBB,2014-10-29,cash_dividend,,127.92246,yahoo,TU_DONG,,2026-10-07T16:48:13.729261
MBB,2015-08-17,stock_split,1.03,,yahoo,TU_DONG,,2026-10-07T16:48:13.729261
MBB,2015-09-15,cash_dividend,,94.11438,yahoo,TU_DONG,,2026-10-07T16:48:13.729261
MBB,2016-03-09,stock_split,1.0025,,yahoo,TU_DONG,,2026-10-07T16:48:13.729261
MBB,2016-10-24,stock_split,1.05,,yahoo,TU_DONG,,2026-10-07T16:48:13.729261
MBB,2017-02-23,cash_dividend,,118.880585,yahoo,TU_DONG,,2026-10-07T16:48:13.729261
MBB,2017-09-29,stock_split,1.05,,yahoo,TU_DONG,,2026-10-07T16:48:13.729261
MBB,2018-01-17,cash_dividend,,124.824615,yahoo,TU_DONG,,2026-10-07T16:48:13.729261
MBB,2018-07-06,stock_split,1.19,,yahoo,TU_DONG,,2026-10-07T16:48:13.729261
MBB,2019-04-05,cash_dividend,,148.54129,yahoo,TU_DONG,,2026-10-07T16:48:13.729261
MBB,2019-09-18,cash_dividend,,309.461,yahoo,TU_DONG,,2026-10-07T16:48:13.729261
MBB,2019-09-18,stock_split,1.08,,yahoo,TU_DONG,,2026-10-07T16:48:13.729261
MBB,2020-10-05,stock_split,1.15,,yahoo,TU_DONG,,2026-10-07T16:48:13.729261
MBB,2021-07-12,stock_split,1.35,,yahoo,TU_DONG,,2026-10-07T16:48:13.729261
MBB,2022-08-22,stock_split,1.2,,yahoo,TU_DONG,,2026-10-07T16:48:13.729261
MBB,2023-06-14,cash_dividend,,249.05917,yahoo,TU_DONG,,2026-10-07T16:48:13.729261
MBB,2023-07-14,stock_split,1.15,,yahoo,TU_DONG,,2026-10-07T16:48:13.729261
MBB,2024-05-23,cash_dividend,,286.41806,yahoo,TU_DONG,,2026-10-07T16:48:13.729261
MBB,2025-01-07,stock_split,1.15,,yahoo,TU_DONG,,2026-10-07T16:48:13.729261
MBB,2025-08-13,cash_dividend,,260.86957,yahoo,TU_DONG,,2026-10-07T16:48:13.729261
MBB,2025-08-13,stock_split,1.32,,yahoo,TU_DONG,,2026-10-07T16:48:13.729261
MBB,2026-07-09,cash_dividend,,869.56525,yahoo,TU_DONG,,2026-10-07T16:48:13.729261
MBB,2026-08-11,stock_split,1.15,,yahoo,TU_DONG,,2026-10-07T16:48:13.729261
MSN,2017-01-04,cash_dividend,,1666.6666,yahoo,TU_DONG,,2026-10-07T16:48:13.729261
MSN,2017-01-23,stock_split,1.5,,yahoo,TU_DONG,,2026-10-07T16:48:13.729261
MSN,2020-12-17,cash_dividend,,833.3333,yahoo,TU_DONG,,2026-10-07T16:48:13.729261
MSN,2021-07-01,cash_dividend,,833.3333,yahoo,TU_DONG,,2026-10-07T16:48:13.729261
MSN,2021-12-15,cash_dividend,,208.33333,yahoo,TU_DONG,,2026-10-07T16:48:13.729261
MSN,2022-04-12,stock_split,1.2,,yahoo,TU_DONG,,2026-10-07T16:48:13.729261
MSN,2022-07-04,cash_dividend,,800.0,yahoo,TU_DONG,,2026-10-07T16:48:13.729261
MWG,2014-10-08,stock_split,1.7,,yahoo,TU_DONG,,2026-10-07T16:48:13.729261
MWG,2015-05-13,stock_split,1.25,,yahoo,TU_DONG,,2026-10-07T16:48:13.729261
MWG,2016-05-05,cash_dividend,,187.50005,yahoo,TU_DONG,,2026-10-07T16:48:13.729261
MWG,2017-05-22,cash_dividend,,187.50005,yahoo,TU_DONG,,2026-10-07T16:48:13.729261
MWG,2017-05-22,stock_split,2.0,,yahoo,TU_DONG,,2026-10-07T16:48:13.729261
MWG,2018-04-23,cash_dividend,,375.0001,yahoo,TU_DONG,,2026-10-07T16:48:13.729261
MWG,2018-11-19,stock_split,1.3333333333333333,,yahoo,TU_DONG,,2026-10-07T16:48:13.729261
MWG,2019-05-22,cash_dividend,,500.0,yahoo,TU_DONG,,2026-10-07T16:48:13.729261
MWG,2020-10-19,cash_dividend,,500.0,yahoo,TU_DONG,,2026-10-07T16:48:13.729261
MWG,2021-08-30,cash_dividend,,250.0,yahoo,TU_DONG,,2026-10-07T16:48:13.729261
MWG,2021-08-30,stock_split,1.5,,yahoo,TU_DONG,,2026-10-07T16:48:13.729261
MWG,2022-06-07,cash_dividend,,500.0,yahoo,TU_DONG,,2026-10-07T16:48:13.729261
MWG,2022-06-16,stock_split,2.0,,yahoo,TU_DONG,,2026-10-07T16:48:13.729261
MWG,2023-07-27,cash_dividend,,500.0,yahoo,TU_DONG,,2026-10-07T16:48:13.729261
MWG,2024-06-28,cash_dividend,,500.0,yahoo,TU_DONG,,2026-10-07T16:48:13.729261
MWG,2025-07-24,cash_dividend,,1000.0,yahoo,TU_DONG,,2026-10-07T16:48:13.729261
MWG,2026-07-29,cash_dividend,,1000.0,yahoo,TU_DONG,,2026-10-07T16:48:13.729261
MWG,2026-10-07,cash_dividend,,1000.0,yahoo,TU_DONG,,2026-10-07T16:48:13.729261
PLX,2017-07-20,cash_dividend,,3224.0,yahoo,TU_DONG,,2026-10-07T16:48:13.729261
PLX,2018-06-25,cash_dividend,,3000.0,yahoo,TU_DONG,,2026-10-07T16:48:13.729261
PLX,2019-05-30,cash_dividend,,2600.0,yahoo,TU_DONG,,2026-10-07T16:48:13.729261
PLX,2020-03-30,cash_dividend,,2000.0,yahoo,TU_DONG,,2026-10-07T16:48:13.729261
PLX,2020-09-03,cash_dividend,,3000.0,yahoo,TU_DONG,,2026-10-07T16:48:13.729261
PLX,2021-06-23,cash_dividend,,1200.0,yahoo,TU_DONG,,2026-10-07T16:48:13.729261
PLX,2022-10-07,cash_dividend,,1200.0,yahoo,TU_DONG,,2026-10-07T16:48:13.729261
PLX,2023-09-21,cash_dividend,,700.0,yahoo,TU_DONG,,2026-10-07T16:48:13.729261
PLX,2024-05-14,cash_dividend,,1500.0,yahoo,TU_DONG,,2026-10-07T16:48:13.729261
PLX,2025-06-10,cash_dividend,,1200.0,yahoo,TU_DONG,,2026-10-07T16:48:13.729261
PLX,2026-08-04,cash_dividend,,1200.0,yahoo,TU_DONG,,2026-10-07T16:48:13.729261
POW,2020-11-18,cash_dividend,,243.71817,yahoo,TU_DONG,,2026-10-07T16:48:13.729261
POW,2021-09-30,cash_dividend,,162.47879,yahoo,TU_DONG,,2026-10-07T16:48:13.729261
POW,2025-12-10,stock_split,1.19,,yahoo,TU_DONG,,2026-10-07T16:48:13.729261
SAB,2016-12-26,cash_dividend,,1500.0,yahoo,TU_DONG,,2026-10-07T16:48:13.729261
SAB,2018-01-15,cash_dividend,,1750.0,yahoo,TU_DONG,,2026-10-07T16:48:13.729261
SAB,2018-10-16,cash_dividend,,750.0,yahoo,TU_DONG,,2026-10-07T16:48:13.729261
SAB,2018-11-26,cash_dividend,,1000.0,yahoo,TU_DONG,,2026-10-07T16:48:13.729261
SAB,2019-09-05,cash_dividend,,750.0,yahoo,TU_DONG,,2026-10-07T16:48:13.729261
SAB,2020-02-13,cash_dividend,,1750.0,yahoo,TU_DONG,,2026-10-07T16:48:13.729261
SAB,2020-11-30,cash_dividend,,1000.0,yahoo,TU_DONG,,2026-10-07T16:48:13.729261
SAB,2021-03-02,cash_dividend,,750.0,yahoo,TU_DONG,,2026-10-07T16:48:13.729261
SAB,2022-01-07,cash_dividend,,1000.0,yahoo,TU_DONG,,2026-10-07T16:48:13.729261
SAB,2022-03-02,cash_dividend,,750.0,yahoo,TU_DONG,,2026-10-07T16:48:13.729261
SAB,2022-12-20,cash_dividend,,1250.0,yahoo,TU_DONG,,2026-10-07T16:48:13.729261
SAB,2023-03-02,cash_dividend,,500.0,yahoo,TU_DONG,,2026-10-07T16:48:13.729261
SAB,2023-06-09,cash_dividend,,750.0,yahoo,TU_DONG,,2026-10-07T16:48:13.729261
SAB,2023-09-14,stock_split,2.0,,yahoo,TU_DONG,,2026-10-07T16:48:13.729261
SAB,2024-01-04,cash_dividend,,1500.0,yahoo,TU_DONG,,2026-10-07T16:48:13.729261
SAB,2024-07-05,cash_dividend,,2000.0,yahoo,TU_DONG,,2026-10-07T16:48:13.729261
SAB,2024-12-26,cash_dividend,,2000.0,yahoo,TU_DONG,,2026-10-07T16:48:13.729261
SAB,2025-06-30,cash_dividend,,3000.0,yahoo,TU_DONG,,2026-10-07T16:48:13.729261
SAB,2026-01-12,cash_dividend,,2000.0,yahoo,TU_DONG,,2026-10-07T16:48:13.729261
SAB,2026-07-28,cash_dividend,,3000.0,yahoo,TU_DONG,,2026-10-07T16:48:13.729261
SHB,2015-08-06,stock_split,1.07,,yahoo,TU_DONG,,2026-10-07T16:48:13.729261
SHB,2016-12-28,stock_split,1.075,,yahoo,TU_DONG,,2026-10-07T16:48:13.729261
SHB,2018-01-11,stock_split,1.075,,yahoo,TU_DONG,,2026-10-07T16:48:13.729261
SHB,2020-02-04,stock_split,1.209,,yahoo,TU_DONG,,2026-10-07T16:48:13.729261
SHB,2021-05-06,stock_split,1.1,,yahoo,TU_DONG,,2026-10-07T16:48:13.729261
SHB,2021-11-11,stock_split,1.105,,yahoo,TU_DONG,,2026-10-07T16:48:13.729261
SHB,2022-11-23,stock_split,1.15,,yahoo,TU_DONG,,2026-10-07T16:48:13.729261
SHB,2023-07-24,stock_split,1.18,,yahoo,TU_DONG,,2026-10-07T16:48:13.729261
SHB,2024-07-18,cash_dividend,,392.19153,yahoo,TU_DONG,,2026-10-07T16:48:13.729261
SHB,2025-02-26,stock_split,1.11,,yahoo,TU_DONG,,2026-10-07T16:48:13.729261
SHB,2025-06-09,cash_dividend,,435.3326,yahoo,TU_DONG,,2026-10-07T16:48:13.729261
SHB,2025-08-18,stock_split,1.13,,yahoo,TU_DONG,,2026-10-07T16:48:13.729261
SSB,2021-07-23,stock_split,1.091206,,yahoo,TU_DONG,,2026-10-07T16:48:13.729261
SSB,2022-06-16,stock_split,1.2018737,,yahoo,TU_DONG,,2026-10-07T16:48:13.729261
SSB,2023-06-23,stock_split,1.210999,,yahoo,TU_DONG,,2026-10-07T16:48:13.729261
SSB,2024-08-23,stock_split,1.1364971,,yahoo,TU_DONG,,2026-10-07T16:48:13.729261
SSB,2026-05-28,stock_split,1.205202,,yahoo,TU_DONG,,2026-10-07T16:48:13.729261
SSI,2011-08-29,cash_dividend,,243.58046,yahoo,TU_DONG,,2026-10-07T16:48:13.729261
SSI,2012-11-21,cash_dividend,,243.58046,yahoo,TU_DONG,,2026-10-07T16:48:13.729261
SSI,2013-07-23,cash_dividend,,243.58046,yahoo,TU_DONG,,2026-10-07T16:48:13.729261
SSI,2014-09-24,cash_dividend,,243.58046,yahoo,TU_DONG,,2026-10-07T16:48:13.729261
SSI,2015-03-06,stock_split,1.2,,yahoo,TU_DONG,,2026-10-07T16:48:13.729261
SSI,2015-08-14,stock_split,1.1,,yahoo,TU_DONG,,2026-10-07T16:48:13.729261
SSI,2016-10-11,cash_dividend,,321.5262,yahoo,TU_DONG,,2026-10-07T16:48:13.729261
SSI,2017-10-09,cash_dividend,,321.5262,yahoo,TU_DONG,,2026-10-07T16:48:13.729261
SSI,2018-10-04,cash_dividend,,321.5262,yahoo,TU_DONG,,2026-10-07T16:48:13.729261
SSI,2019-10-04,cash_dividend,,321.5262,yahoo,TU_DONG,,2026-10-07T16:48:13.729261
SSI,2020-04-09,stock_split,1.16,,yahoo,TU_DONG,,2026-10-07T16:48:13.729261
SSI,2020-07-20,cash_dividend,,372.9704,yahoo,TU_DONG,,2026-10-07T16:48:13.729261
SSI,2021-06-15,cash_dividend,,372.9704,yahoo,TU_DONG,,2026-10-07T16:48:13.729261
SSI,2021-09-08,stock_split,1.3333333333333333,,yahoo,TU_DONG,,2026-10-07T16:48:13.729261
SSI,2022-06-22,cash_dividend,,600.7044,yahoo,TU_DONG,,2026-10-07T16:48:13.729261
SSI,2023-06-20,cash_dividend,,600.7044,yahoo,TU_DONG,,2026-10-07T16:48:13.729261
SSI,2024-09-23,cash_dividend,,759.04395,yahoo,TU_DONG,,2026-10-07T16:48:13.729261
SSI,2024-09-23,stock_split,1.2,,yahoo,TU_DONG,,2026-10-07T16:48:13.729261
SSI,2025-09-25,cash_dividend,,759.04395,yahoo,TU_DONG,,2026-10-07T16:48:13.729261
SSI,2026-08-17,cash_dividend,,1000.0,yahoo,TU_DONG,,2026-10-07T16:48:13.729261
SSI,2026-08-17,stock_split,1.2,,yahoo,TU_DONG,,2026-10-07T16:48:13.729261
STB,2011-08-10,cash_dividend,,758.5112,yahoo,TU_DONG,,2026-10-07T16:48:13.729261
STB,2013-05-20,cash_dividend,,505.26315,yahoo,TU_DONG,,2026-10-07T16:48:13.729261
STB,2013-05-20,stock_split,1.1400000000000001,,yahoo,TU_DONG,,2026-10-07T16:48:13.729261
STB,2013-11-29,cash_dividend,,673.6842,yahoo,TU_DONG,,2026-10-07T16:48:13.729261
STB,2015-10-16,stock_split,1.1875,,yahoo,TU_DONG,,2026-10-07T16:48:13.729261
TCB,2018-07-05,stock_split,3.0,,yahoo,TU_DONG,,2026-10-07T16:48:13.729261
TCB,2024-05-21,cash_dividend,,750.0,yahoo,TU_DONG,,2026-10-07T16:48:13.729261
TCB,2024-06-20,stock_split,2.0,,yahoo,TU_DONG,,2026-10-07T16:48:13.729261
TCB,2025-09-30,cash_dividend,,1000.0,yahoo,TU_DONG,,2026-10-07T16:48:13.729261
TCB,2026-05-19,cash_dividend,,700.0,yahoo,TU_DONG,,2026-10-07T16:48:13.729261
TPB,2018-12-07,stock_split,1.28115,,yahoo,TU_DONG,,2026-10-07T16:48:13.729261
TPB,2020-11-30,stock_split,1.2261600000000001,,yahoo,TU_DONG,,2026-10-07T16:48:13.729261
TPB,2021-12-20,stock_split,1.35,,yahoo,TU_DONG,,2026-10-07T16:48:13.729261
TPB,2023-03-20,cash_dividend,,1239.5487,yahoo,TU_DONG,,2026-10-07T16:48:13.729261
TPB,2023-06-09,stock_split,1.3919,,yahoo,TU_DONG,,2026-10-07T16:48:13.729261
TPB,2024-06-20,cash_dividend,,345.06555,yahoo,TU_DONG,,2026-10-07T16:48:13.729261
TPB,2024-09-23,stock_split,1.2,,yahoo,TU_DONG,,2026-10-07T16:48:13.729261
TPB,2025-05-13,cash_dividend,,828.15735,yahoo,TU_DONG,,2026-10-07T16:48:13.729261
TPB,2025-10-30,stock_split,1.05,,yahoo,TU_DONG,,2026-10-07T16:48:13.729261
TPB,2026-10-02,cash_dividend,,500.0,yahoo,TU_DONG,,2026-10-07T16:48:13.729261
TPB,2026-10-02,stock_split,1.15,,yahoo,TU_DONG,,2026-10-07T16:48:13.729261
VCB,2011-07-18,stock_split,1.12,,yahoo,TU_DONG,,2026-10-07T16:48:13.729261
VCB,2012-02-24,cash_dividend,,343.08984,yahoo,TU_DONG,,2026-10-07T16:48:13.729261
VCB,2013-02-26,cash_dividend,,343.08984,yahoo,TU_DONG,,2026-10-07T16:48:13.729261
VCB,2014-06-18,cash_dividend,,343.08984,yahoo,TU_DONG,,2026-10-07T16:48:13.729261
VCB,2014-06-18,stock_split,1.15,,yahoo,TU_DONG,,2026-10-07T16:48:13.729261
VCB,2015-06-26,cash_dividend,,328.79443,yahoo,TU_DONG,,2026-10-07T16:48:13.729261
VCB,2016-09-09,cash_dividend,,328.79443,yahoo,TU_DONG,,2026-10-07T16:48:13.729261
VCB,2016-09-09,stock_split,1.35,,yahoo,TU_DONG,,2026-10-07T16:48:13.729261
VCB,2017-09-28,cash_dividend,,355.098,yahoo,TU_DONG,,2026-10-07T16:48:13.729261
VCB,2018-10-05,cash_dividend,,355.098,yahoo,TU_DONG,,2026-10-07T16:48:13.729261
VCB,2019-12-30,cash_dividend,,355.098,yahoo,TU_DONG,,2026-10-07T16:48:13.729261
VCB,2020-12-21,cash_dividend,,355.098,yahoo,TU_DONG,,2026-10-07T16:48:13.729261
VCB,2021-12-22,cash_dividend,,679.6576,yahoo,TU_DONG,,2026-10-07T16:48:13.729261
VCB,2021-12-22,stock_split,1.276,,yahoo,TU_DONG,,2026-10-07T16:48:13.729261
VCB,2023-07-25,stock_split,1.181,,yahoo,TU_DONG,,2026-10-07T16:48:13.729261
VCB,2025-03-12,stock_split,1.495,,yahoo,TU_DONG,,2026-10-07T16:48:13.729261
VCB,2025-10-03,cash_dividend,,450.0,yahoo,TU_DONG,,2026-10-07T16:48:13.729261
VCB,2026-07-23,cash_dividend,,450.0,yahoo,TU_DONG,,2026-10-07T16:48:13.729261
VHM,2018-10-08,stock_split,1.25,,yahoo,TU_DONG,,2026-10-07T16:48:13.729261
VHM,2019-08-08,cash_dividend,,384.6154,yahoo,TU_DONG,,2026-10-07T16:48:13.729261
VHM,2021-09-15,cash_dividend,,750.0,yahoo,TU_DONG,,2026-10-07T16:48:13.729261
VHM,2021-09-15,stock_split,1.3,,yahoo,TU_DONG,,2026-10-07T16:48:13.729261
VHM,2022-05-31,cash_dividend,,1000.0,yahoo,TU_DONG,,2026-10-07T16:48:13.729261
VHM,2026-06-29,cash_dividend,,3000.0,yahoo,TU_DONG,,2026-10-07T16:48:13.729261
VHM,2026-08-06,stock_split,2.0,,yahoo,TU_DONG,,2026-10-07T16:48:13.729261
VIB,2020-11-19,stock_split,1.44,,yahoo,TU_DONG,,2026-10-07T16:48:13.729261
VIB,2021-06-09,stock_split,1.4,,yahoo,TU_DONG,,2026-10-07T16:48:13.729261
VIB,2022-05-13,stock_split,1.35,,yahoo,TU_DONG,,2026-10-07T16:48:13.729261
VIB,2022-05-24,cash_dividend,,684.6919,yahoo,TU_DONG,,2026-10-07T16:48:13.729261
VIB,2023-04-06,cash_dividend,,285.28827,yahoo,TU_DONG,,2026-10-07T16:48:13.729261
VIB,2023-06-22,stock_split,1.2,,yahoo,TU_DONG,,2026-10-07T16:48:13.729261
VIB,2024-01-19,cash_dividend,,410.81512,yahoo,TU_DONG,,2026-10-07T16:48:13.729261
VIB,2024-04-17,cash_dividend,,445.0497,yahoo,TU_DONG,,2026-10-07T16:48:13.729261
VIB,2024-08-22,stock_split,1.17,,yahoo,TU_DONG,,2026-10-07T16:48:13.729261
VIB,2025-04-22,cash_dividend,,560.76263,yahoo,TU_DONG,,2026-10-07T16:48:13.729261
VIB,2025-07-17,stock_split,1.14,,yahoo,TU_DONG,,2026-10-07T16:48:13.729261
VIB,2026-04-29,cash_dividend,,821.9178,yahoo,TU_DONG,,2026-10-07T16:48:13.729261
VIB,2026-09-10,stock_split,1.095,,yahoo,TU_DONG,,2026-10-07T16:48:13.729261
VIC,2013-01-22,stock_split,1.325,,yahoo,TU_DONG,,2026-10-07T16:48:13.729261
VIC,2014-08-06,cash_dividend,,310.32578,yahoo,TU_DONG,,2026-10-07T16:48:13.729261
VIC,2014-08-26,stock_split,1.487,,yahoo,TU_DONG,,2026-10-07T16:48:13.729261
VIC,2015-06-29,stock_split,1.258,,yahoo,TU_DONG,,2026-10-07T16:48:13.729261
VIC,2016-06-27,stock_split,1.11,,yahoo,TU_DONG,,2026-10-07T16:48:13.729261
VIC,2016-09-15,stock_split,1.225,,yahoo,TU_DONG,,2026-10-07T16:48:13.729261
VIC,2018-06-28,stock_split,1.21,,yahoo,TU_DONG,,2026-10-07T16:48:13.729261
VIC,2021-08-17,stock_split,1.125,,yahoo,TU_DONG,,2026-10-07T16:48:13.729261
VIC,2025-12-05,stock_split,2.0,,yahoo,TU_DONG,,2026-10-07T16:48:13.729261
VJC,2017-05-09,cash_dividend,,457.87546,yahoo,TU_DONG,,2026-10-07T16:48:13.729261
VJC,2017-07-28,cash_dividend,,915.7509,yahoo,TU_DONG,,2026-10-07T16:48:13.729261
VJC,2017-09-22,stock_split,1.4,,yahoo,TU_DONG,,2026-10-07T16:48:13.729261
VJC,2018-01-22,cash_dividend,,641.02563,yahoo,TU_DONG,,2026-10-07T16:48:13.729261
VJC,2018-05-09,cash_dividend,,641.02563,yahoo,TU_DONG,,2026-10-07T16:48:13.729261
VJC,2018-06-29,stock_split,1.2,,yahoo,TU_DONG,,2026-10-07T16:48:13.729261
VJC,2018-09-05,cash_dividend,,1538.4615,yahoo,TU_DONG,,2026-10-07T16:48:13.729261
VJC,2019-04-23,cash_dividend,,769.2308,yahoo,TU_DONG,,2026-10-07T16:48:13.729261
VJC,2026-06-16,stock_split,1.3,,yahoo,TU_DONG,,2026-10-07T16:48:13.729261
VNM,2012-04-06,cash_dividend,,535.8368,yahoo,TU_DONG,,2026-10-07T16:48:13.729261
VNM,2012-08-21,cash_dividend,,535.8368,yahoo,TU_DONG,,2026-10-07T16:48:13.729261
VNM,2012-12-19,stock_split,1.5,,yahoo,TU_DONG,,2026-10-07T16:48:13.729261
VNM,2013-06-14,cash_dividend,,723.37964,yahoo,TU_DONG,,2026-10-07T16:48:13.729261
VNM,2013-08-20,cash_dividend,,803.7551,yahoo,TU_DONG,,2026-10-07T16:48:13.729261
VNM,2013-12-16,cash_dividend,,321.50204,yahoo,TU_DONG,,2026-10-07T16:48:13.729261
VNM,2014-05-13,cash_dividend,,803.7551,yahoo,TU_DONG,,2026-10-07T16:48:13.729261
VNM,2014-08-13,cash_dividend,,803.7553,yahoo,TU_DONG,,2026-10-07T16:48:13.729261
VNM,2014-08-13,stock_split,1.2,,yahoo,TU_DONG,,2026-10-07T16:48:13.729261
VNM,2015-06-12,cash_dividend,,964.50616,yahoo,TU_DONG,,2026-10-07T16:48:13.729261
VNM,2015-08-05,cash_dividend,,1929.0122,yahoo,TU_DONG,,2026-10-07T16:48:13.729261
VNM,2015-08-05,stock_split,1.2,,yahoo,TU_DONG,,2026-10-07T16:48:13.729261
VNM,2016-06-03,cash_dividend,,1157.4073,yahoo,TU_DONG,,2026-10-07T16:48:13.729261
VNM,2016-08-19,cash_dividend,,2314.8147,yahoo,TU_DONG,,2026-10-07T16:48:13.729261
VNM,2016-08-19,stock_split,1.2,,yahoo,TU_DONG,,2026-10-07T16:48:13.729261
VNM,2017-05-04,cash_dividend,,1388.8889,yahoo,TU_DONG,,2026-10-07T16:48:13.729261
VNM,2017-08-14,cash_dividend,,1388.8889,yahoo,TU_DONG,,2026-10-07T16:48:13.729261
VNM,2017-12-28,cash_dividend,,1041.6666,yahoo,TU_DONG,,2026-10-07T16:48:13.729261
VNM,2018-06-05,cash_dividend,,1041.6666,yahoo,TU_DONG,,2026-10-07T16:48:13.729261
VNM,2018-09-05,cash_dividend,,1388.8889,yahoo,TU_DONG,,2026-10-07T16:48:13.729261
VNM,2018-09-05,stock_split,1.2,,yahoo,TU_DONG,,2026-10-07T16:48:13.729261
VNM,2018-12-27,cash_dividend,,833.3333,yahoo,TU_DONG,,2026-10-07T16:48:13.729261
VNM,2019-06-05,cash_dividend,,1250.0,yahoo,TU_DONG,,2026-10-07T16:48:13.729261
VNM,2019-09-16,cash_dividend,,1666.6666,yahoo,TU_DONG,,2026-10-07T16:48:13.729261
VNM,2019-12-26,cash_dividend,,833.3333,yahoo,TU_DONG,,2026-10-07T16:48:13.729261
VNM,2020-06-29,cash_dividend,,1250.0,yahoo,TU_DONG,,2026-10-07T16:48:13.729261
VNM,2020-09-29,cash_dividend,,1666.6666,yahoo,TU_DONG,,2026-10-07T16:48:13.729261
VNM,2020-09-29,stock_split,1.2,,yahoo,TU_DONG,,2026-10-07T16:48:13.729261
VNM,2021-01-05,cash_dividend,,1000.0,yahoo,TU_DONG,,2026-10-07T16:48:13.729261
VNM,2021-06-07,cash_dividend,,1100.0,yahoo,TU_DONG,,2026-10-07T16:48:13.729261
VNM,2021-09-07,cash_dividend,,1500.0,yahoo,TU_DONG,,2026-10-07T16:48:13.729261
VNM,2022-01-10,cash_dividend,,1400.0,yahoo,TU_DONG,,2026-10-07T16:48:13.729261
VNM,2022-07-06,cash_dividend,,2450.0,yahoo,TU_DONG,,2026-10-07T16:48:13.729261
VNM,2022-12-22,cash_dividend,,1400.0,yahoo,TU_DONG,,2026-10-07T16:48:13.729261
VNM,2023-08-03,cash_dividend,,2450.0,yahoo,TU_DONG,,2026-10-07T16:48:13.729261
VNM,2023-12-27,cash_dividend,,500.0,yahoo,TU_DONG,,2026-10-07T16:48:13.729261
VNM,2024-03-15,cash_dividend,,900.0,yahoo,TU_DONG,,2026-10-07T16:48:13.729261
VNM,2024-09-24,cash_dividend,,2450.0,yahoo,TU_DONG,,2026-10-07T16:48:13.729261
VNM,2024-12-26,cash_dividend,,500.0,yahoo,TU_DONG,,2026-10-07T16:48:13.729261
VNM,2025-05-14,cash_dividend,,2000.0,yahoo,TU_DONG,,2026-10-07T16:48:13.729261
VNM,2025-10-16,cash_dividend,,2850.0,yahoo,TU_DONG,,2026-10-07T16:48:13.729261
VNM,2026-06-26,cash_dividend,,1850.0,yahoo,TU_DONG,,2026-10-07T16:48:13.729261
VPB,2018-06-18,stock_split,1.61817,,yahoo,TU_DONG,,2026-10-07T16:48:13.729261
VPB,2021-10-07,stock_split,1.910938,,yahoo,TU_DONG,,2026-10-07T16:48:13.729261
VPB,2022-09-28,stock_split,1.5,,yahoo,TU_DONG,,2026-10-07T16:48:13.729261
VPB,2023-11-09,cash_dividend,,793.3924,yahoo,TU_DONG,,2026-10-07T16:48:13.729261
VPB,2024-05-22,cash_dividend,,793.3924,yahoo,TU_DONG,,2026-10-07T16:48:13.729261
VPB,2025-05-15,cash_dividend,,396.6962,yahoo,TU_DONG,,2026-10-07T16:48:13.729261
VPB,2026-05-15,cash_dividend,,396.6962,yahoo,TU_DONG,,2026-10-07T16:48:13.729261
VPB,2026-09-24,stock_split,1.2604104,,yahoo,TU_DONG,,2026-10-07T16:48:13.729261
VRE,2018-10-31,stock_split,1.225,,yahoo,TU_DONG,,2026-10-07T16:48:13.729261
VRE,2019-05-17,cash_dividend,,1050.0,yahoo,TU_DONG,,2026-10-07T16:48:13.729261
VRE,2026-06-30,cash_dividend,,1000.0,yahoo,TU_DONG,,2026-10-07T16:48:13.729261
