trial_id,cycle_date,method,spec_id,features,model,ic_mean,ic_t,net_ann,fold_pos,threshold,status,regimes
T00001,2026-09-28,mutate_best,M-a2ac2dfdfa,lowvol_60;rev_5,ridge,-0.0146496299511184,-0.5685272773787465,-0.1493369139037447,0.4210526315789473,3.0,REJECTED,"{""DOWN_HIGHVOL"": {""n"": 541, ""ic_mean"": -0.06159799708806271, ""t"": -1.2116751096431657}, ""DOWN_LOWVOL"": {""n"": 226, ""ic_mean"": 0.045801363659495706, ""t"": 0.6020753777832288}, ""UP_HIGHVOL"": {""n"": 732, ""ic_mean"": -0.022180458433055668, ""t"": -0.4592889138552913}, ""UP_LOWVOL"": {""n"": 703, ""ic_mean"": 0.009887651007439205, ""t"": 0.23534204212247528}}"
T00002,2026-09-28,mutate_best,M-b2f782dfbb,rev_5,signed_sum,0.0023599686567977,0.0896318228068207,-0.0382065980687323,0.4736842105263157,3.0,REJECTED,"{""DOWN_HIGHVOL"": {""n"": 541, ""ic_mean"": -0.05497640563172639, ""t"": -1.0501484291946546}, ""DOWN_LOWVOL"": {""n"": 225, ""ic_mean"": 0.047938737864231674, ""t"": 0.6447468095268155}, ""UP_HIGHVOL"": {""n"": 783, ""ic_mean"": 0.024574157285756508, ""t"": 0.4958917333017521}, ""UP_LOWVOL"": {""n"": 699, ""ic_mean"": 0.007181207171739339, ""t"": 0.17046775013227047}}"
T00003,2026-09-28,cross_family,M-466fb531a9,dist_ma20;mom_20;rev_5,gbm,0.0159198539270384,0.6199153305910338,-0.0470723411054412,0.5263157894736842,3.0,REJECTED,"{""DOWN_HIGHVOL"": {""n"": 541, ""ic_mean"": -0.04461418632363962, ""t"": -0.9231322750044981}, ""DOWN_LOWVOL"": {""n"": 226, ""ic_mean"": 0.06547230178975214, ""t"": 0.958295402296218}, ""UP_HIGHVOL"": {""n"": 772, ""ic_mean"": 0.012075030939004647, ""t"": 0.24560418655766308}, ""UP_LOWVOL"": {""n"": 703, ""ic_mean"": 0.0507964768365769, ""t"": 1.1981566661271774}}"
T00004,2026-09-28,single_family,M-038d7f95cd,lowvol_60,signed_sum,-0.0339277986675116,-1.177398090807398,-0.0936291516930874,0.4210526315789473,3.0,REJECTED,"{""DOWN_HIGHVOL"": {""n"": 541, ""ic_mean"": -0.08661873562990195, ""t"": -1.4935562806674196}, ""DOWN_LOWVOL"": {""n"": 226, ""ic_mean"": 0.02778914503847787, ""t"": 0.3938901084403561}, ""UP_HIGHVOL"": {""n"": 732, ""ic_mean"": -0.06315351895184271, ""t"": -1.1559918418112836}, ""UP_LOWVOL"": {""n"": 703, ""ic_mean"": 0.017211596591705743, ""t"": 0.36536704302612627}}"
T00005,2026-09-28,random_subset,M-7fe26007e0,lowvol_20;mom_20;volu_ratio,ridge,0.0082083824111613,0.2996566374188086,-0.001450898335332,0.5263157894736842,3.0,REJECTED,"{""DOWN_HIGHVOL"": {""n"": 541, ""ic_mean"": -0.06823124202162913, ""t"": -1.2834913141145619}, ""DOWN_LOWVOL"": {""n"": 226, ""ic_mean"": 0.08291948529945346, ""t"": 1.0007994508568168}, ""UP_HIGHVOL"": {""n"": 733, ""ic_mean"": -0.012487390043950644, ""t"": -0.25036339222247767}, ""UP_LOWVOL"": {""n"": 703, ""ic_mean"": 0.06459405634428043, ""t"": 1.441402391187191}}"
T00006,2026-09-28,cross_family,M-06b09e13c7,lowvol_20;mom_120_skip20,ridge,-0.0112163313515828,-0.3877145510734127,-0.0756931680984548,0.3888888888888889,3.0,REJECTED,"{""DOWN_HIGHVOL"": {""n"": 515, ""ic_mean"": 0.067381045836742, ""t"": 1.1508927527089683}, ""DOWN_LOWVOL"": {""n"": 226, ""ic_mean"": -0.017855074072688444, ""t"": -0.22700634934774191}, ""UP_HIGHVOL"": {""n"": 700, ""ic_mean"": -0.06715362366024398, ""t"": -1.2107520896179529}, ""UP_LOWVOL"": {""n"": 701, ""ic_mean"": -0.010961251153229844, ""t"": -0.24241474637869648}}"
T00007,2026-09-29,single_family,M-115d0d5d7e,lowvol_20;lowvol_60;maxret_20,signed_sum,-0.0178807707593415,-0.7083358827313279,-0.0913295593471963,0.4210526315789473,3.0,REJECTED,"{""DOWN_HIGHVOL"": {""n"": 541, ""ic_mean"": -0.02242583629364482, ""t"": -0.4191705926957292}, ""DOWN_LOWVOL"": {""n"": 226, ""ic_mean"": 0.0002899394221493682, ""t"": 0.004443887368130164}, ""UP_HIGHVOL"": {""n"": 733, ""ic_mean"": -0.0611417389629805, ""t"": -1.2684352987573235}, ""UP_LOWVOL"": {""n"": 703, ""ic_mean"": 0.024882514655037487, ""t"": 0.6438846087167178}}"
T00008,2026-09-29,mutate_best,M-3ef9a9b7c3,dist_ma20;lowvol_20;mom_20;rev_5,ridge,0.0133687239102855,0.4732976650162767,-0.0501714676290609,0.5789473684210527,3.0,REJECTED,"{""DOWN_HIGHVOL"": {""n"": 541, ""ic_mean"": -0.07198609735036632, ""t"": -1.274717052736045}, ""DOWN_LOWVOL"": {""n"": 226, ""ic_mean"": 0.0901352966292059, ""t"": 1.0577141819580587}, ""UP_HIGHVOL"": {""n"": 773, ""ic_mean"": 0.013322194517195365, ""t"": 0.2674739547826601}, ""UP_LOWVOL"": {""n"": 703, ""ic_mean"": 0.05442659032336585, ""t"": 1.151973584330258}}"
T00009,2026-09-29,random_subset,M-72aa7560a3,dist_ma20;mom_120_skip20;mom_20;mom_60;rel_mom_20,signed_sum,0.0101099723163272,0.3494818851626763,-0.0413707720547142,0.4444444444444444,3.0,REJECTED,"{""DOWN_HIGHVOL"": {""n"": 515, ""ic_mean"": -0.07434422175211344, ""t"": -1.3348092925211295}, ""DOWN_LOWVOL"": {""n"": 226, ""ic_mean"": 0.12899697930943468, ""t"": 1.5677678106670159}, ""UP_HIGHVOL"": {""n"": 701, ""ic_mean"": -0.012103475268178355, ""t"": -0.23422606274287022}, ""UP_LOWVOL"": {""n"": 701, ""ic_mean"": 0.05604017648400642, ""t"": 1.1370824849650292}}"
T00010,2026-09-29,single_family,M-a49171261c,lowvol_20;lowvol_60;maxret_20,ridge,-0.0243957121483656,-0.9467758268164406,-0.097982091313888,0.4736842105263157,3.0,REJECTED,"{""DOWN_HIGHVOL"": {""n"": 541, ""ic_mean"": -0.03352468420387838, ""t"": -0.6645770330475584}, ""DOWN_LOWVOL"": {""n"": 226, ""ic_mean"": 0.008279478939965142, ""t"": 0.15404942671680305}, ""UP_HIGHVOL"": {""n"": 733, ""ic_mean"": -0.04393642418018487, ""t"": -0.8270605783579139}, ""UP_LOWVOL"": {""n"": 703, ""ic_mean"": -0.0075002318988732514, ""t"": -0.18617405633223608}}"
T00011,2026-09-29,cross_family,M-b8c8646d3d,dist_ma120;rev_1;volu_ratio,signed_sum,-0.0093623929668225,-0.3447151826455851,-0.0816273424173625,0.3888888888888889,3.0,REJECTED,"{""DOWN_HIGHVOL"": {""n"": 516, ""ic_mean"": -0.07101077340601791, ""t"": -1.2979638981402783}, ""DOWN_LOWVOL"": {""n"": 226, ""ic_mean"": 0.0916841872464826, ""t"": 1.3328989523496038}, ""UP_HIGHVOL"": {""n"": 701, ""ic_mean"": -0.021147776803123033, ""t"": -0.4112006177311689}, ""UP_LOWVOL"": {""n"": 701, ""ic_mean"": 0.015224755745965426, ""t"": 0.3442899727956484}}"
T00012,2026-09-29,single_family,M-562c031dfd,dist_ma120;dist_ma20,gbm,-0.0006754516485328,-0.0260939480028344,-0.0481085886433998,0.4444444444444444,3.0,REJECTED,"{""DOWN_HIGHVOL"": {""n"": 516, ""ic_mean"": -0.039992117651676144, ""t"": -0.8235688516739296}, ""DOWN_LOWVOL"": {""n"": 226, ""ic_mean"": 0.05670860357872075, ""t"": 0.8914387455990092}, ""UP_HIGHVOL"": {""n"": 701, ""ic_mean"": -0.01185849021560929, ""t"": -0.23274475413238757}, ""UP_LOWVOL"": {""n"": 701, ""ic_mean"": 0.020947819694952467, ""t"": 0.480344366089709}}"
T00013,2026-09-30,mutate_best,M-3eec14abd2,dist_ma20;lowvol_20;mom_20;rev_5,signed_sum,0.0013963436504698,0.0508137238890519,-0.092418257776031,0.5263157894736842,3.0,REJECTED,"{""DOWN_HIGHVOL"": {""n"": 541, ""ic_mean"": -0.06913900869600427, ""t"": -1.2667198553065777}, ""DOWN_LOWVOL"": {""n"": 226, ""ic_mean"": 0.07110863484615008, ""t"": 0.8825845193720163}, ""UP_HIGHVOL"": {""n"": 774, ""ic_mean"": 0.006967772880417289, ""t"": 0.13989569967502952}, ""UP_LOWVOL"": {""n"": 703, ""ic_mean"": 0.02713227762662825, ""t"": 0.5937324897043581}}"
T00014,2026-09-30,random_subset,M-befa8597ab,dist_ma20;mom_60,signed_sum,-0.0037301402900697,-0.1257979678923132,-0.0437943665934439,0.3157894736842105,3.0,REJECTED,"{""DOWN_HIGHVOL"": {""n"": 541, ""ic_mean"": -0.10506317031464502, ""t"": -1.829093986440916}, ""DOWN_LOWVOL"": {""n"": 226, ""ic_mean"": 0.1297125683131936, ""t"": 1.7393922283332337}, ""UP_HIGHVOL"": {""n"": 734, ""ic_mean"": 0.013072092812563689, ""t"": 0.23091718791157642}, ""UP_LOWVOL"": {""n"": 703, ""ic_mean"": 0.013809373225755053, ""t"": 0.2927453081362651}}"
T00015,2026-09-30,mutate_best,M-d0b73bc778,lowvol_20;mom_20;rev_5,ridge,0.0132852842700806,0.4696928916763713,-0.0359548568601271,0.5263157894736842,3.0,REJECTED,"{""DOWN_HIGHVOL"": {""n"": 541, ""ic_mean"": -0.0717606190838228, ""t"": -1.310171670629011}, ""DOWN_LOWVOL"": {""n"": 226, ""ic_mean"": 0.09114145037481672, ""t"": 1.0699057181386489}, ""UP_HIGHVOL"": {""n"": 774, ""ic_mean"": 0.008667242990462627, ""t"": 0.17084317647863068}, ""UP_LOWVOL"": {""n"": 703, ""ic_mean"": 0.058788419583332106, ""t"": 1.241567080000105}}"
T00016,2026-09-30,single_family,M-dcedc8f93b,mom_120_skip20;mom_20;mom_60,ridge,0.008783084493301,0.3193446083213325,-0.0391724681335326,0.5,3.0,REJECTED,"{""DOWN_HIGHVOL"": {""n"": 515, ""ic_mean"": -0.044695026102725174, ""t"": -0.8247746575099224}, ""DOWN_LOWVOL"": {""n"": 226, ""ic_mean"": 0.06562088561677322, ""t"": 0.8545461399894377}, ""UP_HIGHVOL"": {""n"": 702, ""ic_mean"": -0.01659464444379041, ""t"": -0.32347155894583396}, ""UP_LOWVOL"": {""n"": 701, ""ic_mean"": 0.05516118665719115, ""t"": 1.2099191010221944}}"
T00017,2026-09-30,cross_family,M-a0cad77b57,lowvol_60;rev_5;volu_trend,ridge,-0.0116345421132287,-0.4348537031217406,-0.1208731312517075,0.3333333333333333,3.0,REJECTED,"{""DOWN_HIGHVOL"": {""n"": 516, ""ic_mean"": -0.07523224058079989, ""t"": -1.4226320216974202}, ""DOWN_LOWVOL"": {""n"": 226, ""ic_mean"": 0.0411851572884424, ""t"": 0.4946841684312753}, ""UP_HIGHVOL"": {""n"": 702, ""ic_mean"": -0.01211166029614711, ""t"": -0.24085755272615314}, ""UP_LOWVOL"": {""n"": 701, ""ic_mean"": 0.0186280788695068, ""t"": 0.43866831616953855}}"
T00018,2026-09-30,cross_family,M-9ea5bacb96,dist_ma120;lowvol_20;rel_mom_20,signed_sum,-0.003876595428886,-0.1334966143237508,-0.0055442432446859,0.4444444444444444,3.0,REJECTED,"{""DOWN_HIGHVOL"": {""n"": 516, ""ic_mean"": -0.09173902752114232, ""t"": -1.5936373924478404}, ""DOWN_LOWVOL"": {""n"": 226, ""ic_mean"": 0.13423050797476366, ""t"": 2.089492000393037}, ""UP_HIGHVOL"": {""n"": 702, ""ic_mean"": -0.040485810020346444, ""t"": -0.7568627994773341}, ""UP_LOWVOL"": {""n"": 701, ""ic_mean"": 0.05293435782872395, ""t"": 1.0936579786735932}}"
T00019,2026-10-01,mutate_best,M-18c1391e58,dist_ma20;lowvol_20;mom_20;rev_5,gbm,-0.0017583481796497765,-0.06925071589289275,-0.03824808927803904,0.5263157894736842,3.007786556473264,REJECTED,"{""DOWN_HIGHVOL"": {""n"": 541, ""ic_mean"": -0.02995987273222526, ""t"": -0.6096770122793358}, ""DOWN_LOWVOL"": {""n"": 226, ""ic_mean"": 0.021310851411229657, ""t"": 0.2968187899479319}, ""UP_HIGHVOL"": {""n"": 775, ""ic_mean"": -0.0031349204505772142, ""t"": -0.06643201247944674}, ""UP_LOWVOL"": {""n"": 703, ""ic_mean"": 0.014045676266116027, ""t"": 0.32356335455248136}}"
T00020,2026-10-01,cross_family,M-932a61758d,dist_ma120;lowvol_20;volu_trend,gbm,-0.004392331190826552,-0.18429998537697068,-0.04715667336941215,0.3888888888888889,3.0233414397391534,REJECTED,"{""DOWN_HIGHVOL"": {""n"": 516, ""ic_mean"": -0.029857482577329363, ""t"": -0.6690818130165279}, ""DOWN_LOWVOL"": {""n"": 226, ""ic_mean"": 0.0363039351007157, ""t"": 0.6258406856640312}, ""UP_HIGHVOL"": {""n"": 703, ""ic_mean"": 0.003880710135190096, ""t"": 0.08688814961038863}, ""UP_LOWVOL"": {""n"": 701, ""ic_mean"": -0.00706463663824852, ""t"": -0.16364024025107132}}"
T00021,2026-10-01,mutate_best,M-313d21127b,dist_ma20;rev_5;volu_trend,ridge,0.020424886210301654,0.7247255719870356,-0.00846478425086991,0.5,3.038074304924211,REJECTED,"{""DOWN_HIGHVOL"": {""n"": 516, ""ic_mean"": -0.06773847318655991, ""t"": -1.157199068611929}, ""DOWN_LOWVOL"": {""n"": 226, ""ic_mean"": 0.08712424526437684, ""t"": 1.0850347160945821}, ""UP_HIGHVOL"": {""n"": 703, ""ic_mean"": 0.026123464866000076, ""t"": 0.5013696374931274}, ""UP_LOWVOL"": {""n"": 701, ""ic_mean"": 0.05810268579318838, ""t"": 1.3154712488811873}}"
T00022,2026-10-01,cross_family,M-ecc4edb0d3,dist_ma20;lowvol_60;volu_trend,gbm,-2.8030040814765e-05,-0.0011495360319041684,-0.0519341273496721,0.5,3.052065201864885,REJECTED,"{""DOWN_HIGHVOL"": {""n"": 516, ""ic_mean"": -0.014713874293950404, ""t"": -0.29921488408020164}, ""DOWN_LOWVOL"": {""n"": 226, ""ic_mean"": 0.0343844457551741, ""t"": 0.5544126663361821}, ""UP_HIGHVOL"": {""n"": 703, ""ic_mean"": -0.02735918678205899, ""t"": -0.5852145522823443}, ""UP_LOWVOL"": {""n"": 701, ""ic_mean"": 0.027096762104433732, ""t"": 0.6746028005787774}}"
T00023,2026-10-01,random_subset,M-7fe3edd1c2,lowvol_20;mom_60;rev_5,ridge,-0.017522069746767538,-0.6078985448888184,-0.050335957627670305,0.3684210526315789,3.0653831516447343,REJECTED,"{""DOWN_HIGHVOL"": {""n"": 541, ""ic_mean"": -0.1039606873548648, ""t"": -1.9272488330752504}, ""DOWN_LOWVOL"": {""n"": 226, ""ic_mean"": 0.1177861372975921, ""t"": 1.7631255846628215}, ""UP_HIGHVOL"": {""n"": 735, ""ic_mean"": -0.01462940378983183, ""t"": -0.2584195017799287}, ""UP_LOWVOL"": {""n"": 703, ""ic_mean"": 0.0024744136893741224, ""t"": 0.05333196842166512}}"
T00024,2026-10-01,random_subset,M-53cac3ad2e,mom_20;rel_mom_20,gbm,0.009456488070176043,0.36533809379409293,-0.0252028349532555,0.5263157894736842,3.0780880728421613,REJECTED,"{""DOWN_HIGHVOL"": {""n"": 541, ""ic_mean"": -0.05018824270157157, ""t"": -1.0110632929398347}, ""DOWN_LOWVOL"": {""n"": 226, ""ic_mean"": 0.06991899098846172, ""t"": 0.9930137177477001}, ""UP_HIGHVOL"": {""n"": 775, ""ic_mean"": 0.008127794267929065, ""t"": 0.1657632736178647}, ""UP_LOWVOL"": {""n"": 703, ""ic_mean"": 0.03738395803422199, ""t"": 0.8777665820138675}}"
